<?xml version="1.0" encoding="UTF-8" standalone="yes"?>
<pnml>
    <net>
        <token id="Default" red="0" green="0" blue="0"/>
        <labels border="true" x="84" y="337" width="100" height="50">
            <text>producer1</text>
        </labels>
        <labels border="true" x="267" y="34" width="100" height="50">
            <text>Alternating</text>
        </labels>
        <labels border="true" x="596" y="509" width="100" height="50">
            <text>consumer2</text>
        </labels>
        <labels border="true" x="593" y="190" width="100" height="50">
            <text>consumer1</text>
        </labels>
        <labels border="true" x="129" y="111" width="100" height="50">
            <text>max capacity</text>
        </labels>
        <place id="P0">
            <graphics>
                <position x="61.0" y="250.0"/>
            </graphics>
            <name>
                <value>P0</value>
                <graphics>
                    <offset x="-5.0" y="35.0"/>
                </graphics>
            </name>
            <capacity>
                <value>0</value>
            </capacity>
            <initialMarking>
                <graphics>
                    <offset x="0.0" y="0.0"/>
                </graphics>
                <value></value>
            </initialMarking>
        </place>
        <place id="P1">
            <graphics>
                <position x="163.0" y="257.0"/>
            </graphics>
            <name>
                <value>P1</value>
                <graphics>
                    <offset x="-5.0" y="35.0"/>
                </graphics>
            </name>
            <capacity>
                <value>0</value>
            </capacity>
            <initialMarking>
                <graphics>
                    <offset x="0.0" y="0.0"/>
                </graphics>
                <value>Default,1</value>
            </initialMarking>
        </place>
        <place id="P2">
            <graphics>
                <position x="319.0" y="142.0"/>
            </graphics>
            <name>
                <value>P2</value>
                <graphics>
                    <offset x="-5.0" y="35.0"/>
                </graphics>
            </name>
            <capacity>
                <value>0</value>
            </capacity>
            <initialMarking>
                <graphics>
                    <offset x="0.0" y="0.0"/>
                </graphics>
                <value></value>
            </initialMarking>
        </place>
        <place id="P3">
            <graphics>
                <position x="401.0" y="148.0"/>
            </graphics>
            <name>
                <value>P3</value>
                <graphics>
                    <offset x="-5.0" y="35.0"/>
                </graphics>
            </name>
            <capacity>
                <value>0</value>
            </capacity>
            <initialMarking>
                <graphics>
                    <offset x="0.0" y="0.0"/>
                </graphics>
                <value></value>
            </initialMarking>
        </place>
        <place id="P4">
            <graphics>
                <position x="502.0" y="151.0"/>
            </graphics>
            <name>
                <value>P4</value>
                <graphics>
                    <offset x="-5.0" y="35.0"/>
                </graphics>
            </name>
            <capacity>
                <value>0</value>
            </capacity>
            <initialMarking>
                <graphics>
                    <offset x="0.0" y="0.0"/>
                </graphics>
                <value>Default,1</value>
            </initialMarking>
        </place>
        <place id="P5">
            <graphics>
                <position x="307.0" y="380.0"/>
            </graphics>
            <name>
                <value>P5</value>
                <graphics>
                    <offset x="-5.0" y="35.0"/>
                </graphics>
            </name>
            <capacity>
                <value>0</value>
            </capacity>
            <initialMarking>
                <graphics>
                    <offset x="0.0" y="0.0"/>
                </graphics>
                <value></value>
            </initialMarking>
        </place>
        <place id="P6">
            <graphics>
                <position x="413.0" y="466.0"/>
            </graphics>
            <name>
                <value>P6</value>
                <graphics>
                    <offset x="-5.0" y="35.0"/>
                </graphics>
            </name>
            <capacity>
                <value>0</value>
            </capacity>
            <initialMarking>
                <graphics>
                    <offset x="0.0" y="0.0"/>
                </graphics>
                <value></value>
            </initialMarking>
        </place>
        <place id="P7">
            <graphics>
                <position x="510.0" y="468.0"/>
            </graphics>
            <name>
                <value>P7</value>
                <graphics>
                    <offset x="-5.0" y="35.0"/>
                </graphics>
            </name>
            <capacity>
                <value>0</value>
            </capacity>
            <initialMarking>
                <graphics>
                    <offset x="0.0" y="0.0"/>
                </graphics>
                <value>Default,1</value>
            </initialMarking>
        </place>
        <place id="P8">
            <graphics>
                <position x="249.0" y="62.0"/>
            </graphics>
            <name>
                <value>P8</value>
                <graphics>
                    <offset x="-5.0" y="35.0"/>
                </graphics>
            </name>
            <capacity>
                <value>0</value>
            </capacity>
            <initialMarking>
                <graphics>
                    <offset x="0.0" y="0.0"/>
                </graphics>
                <value>Default,1</value>
            </initialMarking>
        </place>
        <place id="P9">
            <graphics>
                <position x="162.0" y="125.0"/>
            </graphics>
            <name>
                <value>P9</value>
                <graphics>
                    <offset x="-5.0" y="35.0"/>
                </graphics>
            </name>
            <capacity>
                <value>0</value>
            </capacity>
            <initialMarking>
                <graphics>
                    <offset x="0.0" y="0.0"/>
                </graphics>
                <value>Default,3</value>
            </initialMarking>
        </place>
        <transition id="T4">
            <graphics>
                <position x="426.0" y="422.0"/>
            </graphics>
            <name>
                <value>T4</value>
                <graphics>
                    <offset x="-5.0" y="35.0"/>
                </graphics>
            </name>
            <infiniteServer>
                <value>false</value>
            </infiniteServer>
            <timed>
                <value>false</value>
            </timed>
            <priority>
                <value>1</value>
            </priority>
            <orientation>
                <value>0</value>
            </orientation>
            <rate>
                <value>1</value>
            </rate>
        </transition>
        <transition id="T5">
            <graphics>
                <position x="437.0" y="553.0"/>
            </graphics>
            <name>
                <value>T5</value>
                <graphics>
                    <offset x="-5.0" y="35.0"/>
                </graphics>
            </name>
            <infiniteServer>
                <value>false</value>
            </infiniteServer>
            <timed>
                <value>false</value>
            </timed>
            <priority>
                <value>1</value>
            </priority>
            <orientation>
                <value>0</value>
            </orientation>
            <rate>
                <value>1</value>
            </rate>
        </transition>
        <transition id="T0">
            <graphics>
                <position x="174.0" y="211.0"/>
            </graphics>
            <name>
                <value>T0</value>
                <graphics>
                    <offset x="-5.0" y="35.0"/>
                </graphics>
            </name>
            <infiniteServer>
                <value>false</value>
            </infiniteServer>
            <timed>
                <value>false</value>
            </timed>
            <priority>
                <value>1</value>
            </priority>
            <orientation>
                <value>0</value>
            </orientation>
            <rate>
                <value>1</value>
            </rate>
        </transition>
        <transition id="T1">
            <graphics>
                <position x="180.0" y="319.0"/>
            </graphics>
            <name>
                <value>T1</value>
                <graphics>
                    <offset x="-5.0" y="35.0"/>
                </graphics>
            </name>
            <infiniteServer>
                <value>false</value>
            </infiniteServer>
            <timed>
                <value>false</value>
            </timed>
            <priority>
                <value>1</value>
            </priority>
            <orientation>
                <value>0</value>
            </orientation>
            <rate>
                <value>1</value>
            </rate>
        </transition>
        <transition id="T2">
            <graphics>
                <position x="421.0" y="229.0"/>
            </graphics>
            <name>
                <value>T2</value>
                <graphics>
                    <offset x="-5.0" y="35.0"/>
                </graphics>
            </name>
            <infiniteServer>
                <value>false</value>
            </infiniteServer>
            <timed>
                <value>false</value>
            </timed>
            <priority>
                <value>1</value>
            </priority>
            <orientation>
                <value>0</value>
            </orientation>
            <rate>
                <value>1</value>
            </rate>
        </transition>
        <transition id="T3">
            <graphics>
                <position x="419.0" y="100.0"/>
            </graphics>
            <name>
                <value>T3</value>
                <graphics>
                    <offset x="-5.0" y="35.0"/>
                </graphics>
            </name>
            <infiniteServer>
                <value>false</value>
            </infiniteServer>
            <timed>
                <value>false</value>
            </timed>
            <priority>
                <value>1</value>
            </priority>
            <orientation>
                <value>0</value>
            </orientation>
            <rate>
                <value>1</value>
            </rate>
        </transition>
        <arc id="T1 TO P0" source="T1" target="P0">
            <arcpath id="" x="180.0" y="334.0" curvePoint="false"/>
            <arcpath id="" x="89.0" y="273.0" curvePoint="false"/>
            <type value="normal"/>
            <inscription>
                <value>Default,1</value>
            </inscription>
        </arc>
        <arc id="T5 TO P7" source="T5" target="P7">
            <arcpath id="" x="442.0" y="553.0" curvePoint="false"/>
            <arcpath id="" x="515.0" y="494.0" curvePoint="false"/>
            <type value="normal"/>
            <inscription>
                <value>Default,1</value>
            </inscription>
        </arc>
        <arc id="T3 TO P9" source="T3" target="P9">
            <arcpath id="" x="419.0" y="115.0" curvePoint="false"/>
            <arcpath id="" x="192.0" y="138.0" curvePoint="false"/>
            <type value="normal"/>
            <inscription>
                <value>Default,1</value>
            </inscription>
        </arc>
        <arc id="T3 TO P5" source="T3" target="P5">
            <arcpath id="" x="424.0" y="130.0" curvePoint="false"/>
            <arcpath id="" x="320.0" y="228.0" curvePoint="false"/>
            <arcpath id="" x="322.0" y="380.0" curvePoint="false"/>
            <type value="normal"/>
            <inscription>
                <value>Default,1</value>
            </inscription>
        </arc>
        <arc id="T1 TO P2" source="T1" target="P2">
            <arcpath id="" x="185.0" y="319.0" curvePoint="false"/>
            <arcpath id="" x="324.0" y="168.0" curvePoint="false"/>
            <type value="normal"/>
            <inscription>
                <value>Default,1</value>
            </inscription>
        </arc>
        <arc id="T3 TO P3" source="T3" target="P3">
            <arcpath id="" x="424.0" y="130.0" curvePoint="false"/>
            <arcpath id="" x="418.0" y="148.0" curvePoint="false"/>
            <type value="normal"/>
            <inscription>
                <value>Default,1</value>
            </inscription>
        </arc>
        <arc id="T4 TO P8" source="T4" target="P8">
            <arcpath id="" x="426.0" y="437.0" curvePoint="false"/>
            <arcpath id="" x="34.0" y="426.0" curvePoint="false"/>
            <arcpath id="" x="30.0" y="80.0" curvePoint="false"/>
            <arcpath id="" x="249.0" y="77.0" curvePoint="false"/>
            <type value="normal"/>
            <inscription>
                <value>Default,1</value>
            </inscription>
        </arc>
        <arc id="T4 TO P9" source="T4" target="P9">
            <arcpath id="" x="431.0" y="422.0" curvePoint="false"/>
            <arcpath id="" x="187.0" y="151.0" curvePoint="false"/>
            <type value="normal"/>
            <inscription>
                <value>Default,1</value>
            </inscription>
        </arc>
        <arc id="T2 TO P4" source="T2" target="P4">
            <arcpath id="" x="431.0" y="244.0" curvePoint="false"/>
            <arcpath id="" x="506.0" y="176.0" curvePoint="false"/>
            <type value="normal"/>
            <inscription>
                <value>Default,1</value>
            </inscription>
        </arc>
        <arc id="T4 TO P6" source="T4" target="P6">
            <arcpath id="" x="431.0" y="452.0" curvePoint="false"/>
            <arcpath id="" x="429.0" y="466.0" curvePoint="false"/>
            <type value="normal"/>
            <inscription>
                <value>Default,1</value>
            </inscription>
        </arc>
        <arc id="T0 TO P1" source="T0" target="P1">
            <arcpath id="" x="179.0" y="241.0" curvePoint="false"/>
            <arcpath id="" x="178.0" y="257.0" curvePoint="false"/>
            <type value="normal"/>
            <inscription>
                <value>Default,1</value>
            </inscription>
        </arc>
        <arc id="P6 TO T5" source="P6" target="T5">
            <arcpath id="" x="430.0" y="496.0" curvePoint="false"/>
            <arcpath id="" x="442.0" y="553.0" curvePoint="false"/>
            <type value="normal"/>
            <inscription>
                <value>Default,1</value>
            </inscription>
        </arc>
        <arc id="P2 TO T3" source="P2" target="T3">
            <arcpath id="" x="348.0" y="151.0" curvePoint="false"/>
            <arcpath id="" x="419.0" y="115.0" curvePoint="false"/>
            <type value="normal"/>
            <inscription>
                <value>Default,1</value>
            </inscription>
        </arc>
        <arc id="P2 TO T4" source="P2" target="T4">
            <arcpath id="" x="339.0" y="171.0" curvePoint="false"/>
            <arcpath id="" x="431.0" y="422.0" curvePoint="false"/>
            <type value="normal"/>
            <inscription>
                <value>Default,1</value>
            </inscription>
        </arc>
        <arc id="P8 TO T3" source="P8" target="T3">
            <arcpath id="" x="279.0" y="80.0" curvePoint="false"/>
            <arcpath id="" x="419.0" y="115.0" curvePoint="false"/>
            <type value="normal"/>
            <inscription>
                <value>Default,1</value>
            </inscription>
        </arc>
        <arc id="P0 TO T0" source="P0" target="T0">
            <arcpath id="" x="90.0" y="260.0" curvePoint="false"/>
            <arcpath id="" x="174.0" y="226.0" curvePoint="false"/>
            <type value="normal"/>
            <inscription>
                <value>Default,1</value>
            </inscription>
        </arc>
        <arc id="P4 TO T3" source="P4" target="T3">
            <arcpath id="" x="504.0" y="159.0" curvePoint="false"/>
            <arcpath id="" x="429.0" y="115.0" curvePoint="false"/>
            <type value="normal"/>
            <inscription>
                <value>Default,1</value>
            </inscription>
        </arc>
        <arc id="P9 TO T1" source="P9" target="T1">
            <arcpath id="" x="183.0" y="154.0" curvePoint="false"/>
            <arcpath id="" x="218.0" y="238.0" curvePoint="false"/>
            <arcpath id="" x="185.0" y="319.0" curvePoint="false"/>
            <type value="normal"/>
            <inscription>
                <value>Default,1</value>
            </inscription>
        </arc>
        <arc id="P1 TO T1" source="P1" target="T1">
            <arcpath id="" x="180.0" y="287.0" curvePoint="false"/>
            <arcpath id="" x="185.0" y="319.0" curvePoint="false"/>
            <type value="normal"/>
            <inscription>
                <value>Default,1</value>
            </inscription>
        </arc>
        <arc id="P3 TO T2" source="P3" target="T2">
            <arcpath id="" x="418.0" y="178.0" curvePoint="false"/>
            <arcpath id="" x="426.0" y="229.0" curvePoint="false"/>
            <type value="normal"/>
            <inscription>
                <value>Default,1</value>
            </inscription>
        </arc>
        <arc id="P5 TO T4" source="P5" target="T4">
            <arcpath id="" x="336.0" y="400.0" curvePoint="false"/>
            <arcpath id="" x="426.0" y="437.0" curvePoint="false"/>
            <type value="normal"/>
            <inscription>
                <value>Default,1</value>
            </inscription>
        </arc>
        <arc id="P7 TO T4" source="P7" target="T4">
            <arcpath id="" x="512.0" y="476.0" curvePoint="false"/>
            <arcpath id="" x="436.0" y="437.0" curvePoint="false"/>
            <type value="normal"/>
            <inscription>
                <value>Default,1</value>
            </inscription>
        </arc>
    </net>
</pnml>
