<?xml version="1.0" encoding="UTF-8" standalone="yes"?>
<pnml>
    <net>
        <token id="Default" red="0" green="0" blue="0"/>
        <place id="P0">
            <graphics>
                <position x="68.0" y="97.0"/>
            </graphics>
            <name>
                <value>P0</value>
                <graphics>
                    <offset x="-5.0" y="35.0"/>
                </graphics>
            </name>
            <capacity>
                <value>0</value>
            </capacity>
            <initialMarking>
                <graphics>
                    <offset x="0.0" y="0.0"/>
                </graphics>
                <value>Default,1</value>
            </initialMarking>
        </place>
        <place id="P1">
            <graphics>
                <position x="77.0" y="268.0"/>
            </graphics>
            <name>
                <value>P1</value>
                <graphics>
                    <offset x="-5.0" y="35.0"/>
                </graphics>
            </name>
            <capacity>
                <value>0</value>
            </capacity>
            <initialMarking>
                <graphics>
                    <offset x="0.0" y="0.0"/>
                </graphics>
                <value>Default,1</value>
            </initialMarking>
        </place>
        <place id="P2">
            <graphics>
                <position x="323.0" y="282.0"/>
            </graphics>
            <name>
                <value>P2</value>
                <graphics>
                    <offset x="-5.0" y="35.0"/>
                </graphics>
            </name>
            <capacity>
                <value>0</value>
            </capacity>
            <initialMarking>
                <graphics>
                    <offset x="0.0" y="0.0"/>
                </graphics>
                <value></value>
            </initialMarking>
        </place>
        <place id="P3">
            <graphics>
                <position x="308.0" y="205.0"/>
            </graphics>
            <name>
                <value>P3</value>
                <graphics>
                    <offset x="-5.0" y="35.0"/>
                </graphics>
            </name>
            <capacity>
                <value>0</value>
            </capacity>
            <initialMarking>
                <graphics>
                    <offset x="0.0" y="0.0"/>
                </graphics>
                <value>Default,2</value>
            </initialMarking>
        </place>
        <place id="P4">
            <graphics>
                <position x="303.0" y="120.0"/>
            </graphics>
            <name>
                <value>P4</value>
                <graphics>
                    <offset x="-5.0" y="35.0"/>
                </graphics>
            </name>
            <capacity>
                <value>0</value>
            </capacity>
            <initialMarking>
                <graphics>
                    <offset x="0.0" y="0.0"/>
                </graphics>
                <value></value>
            </initialMarking>
        </place>
        <place id="P5">
            <graphics>
                <position x="541.0" y="114.0"/>
            </graphics>
            <name>
                <value>P5</value>
                <graphics>
                    <offset x="-5.0" y="35.0"/>
                </graphics>
            </name>
            <capacity>
                <value>0</value>
            </capacity>
            <initialMarking>
                <graphics>
                    <offset x="0.0" y="0.0"/>
                </graphics>
                <value></value>
            </initialMarking>
        </place>
        <place id="P6">
            <graphics>
                <position x="565.0" y="272.0"/>
            </graphics>
            <name>
                <value>P6</value>
                <graphics>
                    <offset x="-5.0" y="35.0"/>
                </graphics>
            </name>
            <capacity>
                <value>0</value>
            </capacity>
            <initialMarking>
                <graphics>
                    <offset x="0.0" y="0.0"/>
                </graphics>
                <value></value>
            </initialMarking>
        </place>
        <transition id="T4">
            <graphics>
                <position x="548.0" y="28.0"/>
            </graphics>
            <name>
                <value>T4</value>
                <graphics>
                    <offset x="-5.0" y="35.0"/>
                </graphics>
            </name>
            <infiniteServer>
                <value>false</value>
            </infiniteServer>
            <timed>
                <value>false</value>
            </timed>
            <priority>
                <value>1</value>
            </priority>
            <orientation>
                <value>0</value>
            </orientation>
            <rate>
                <value>1</value>
            </rate>
        </transition>
        <transition id="T5">
            <graphics>
                <position x="586.0" y="358.0"/>
            </graphics>
            <name>
                <value>T5</value>
                <graphics>
                    <offset x="-5.0" y="35.0"/>
                </graphics>
            </name>
            <infiniteServer>
                <value>false</value>
            </infiniteServer>
            <timed>
                <value>false</value>
            </timed>
            <priority>
                <value>1</value>
            </priority>
            <orientation>
                <value>0</value>
            </orientation>
            <rate>
                <value>1</value>
            </rate>
        </transition>
        <transition id="T0">
            <graphics>
                <position x="188.0" y="107.0"/>
            </graphics>
            <name>
                <value>T0</value>
                <graphics>
                    <offset x="-5.0" y="35.0"/>
                </graphics>
            </name>
            <infiniteServer>
                <value>false</value>
            </infiniteServer>
            <timed>
                <value>false</value>
            </timed>
            <priority>
                <value>1</value>
            </priority>
            <orientation>
                <value>0</value>
            </orientation>
            <rate>
                <value>1</value>
            </rate>
        </transition>
        <transition id="T1">
            <graphics>
                <position x="190.0" y="272.0"/>
            </graphics>
            <name>
                <value>T1</value>
                <graphics>
                    <offset x="-5.0" y="35.0"/>
                </graphics>
            </name>
            <infiniteServer>
                <value>false</value>
            </infiniteServer>
            <timed>
                <value>false</value>
            </timed>
            <priority>
                <value>1</value>
            </priority>
            <orientation>
                <value>0</value>
            </orientation>
            <rate>
                <value>1</value>
            </rate>
        </transition>
        <transition id="T2">
            <graphics>
                <position x="435.0" y="107.0"/>
            </graphics>
            <name>
                <value>T2</value>
                <graphics>
                    <offset x="-5.0" y="35.0"/>
                </graphics>
            </name>
            <infiniteServer>
                <value>false</value>
            </infiniteServer>
            <timed>
                <value>false</value>
            </timed>
            <priority>
                <value>1</value>
            </priority>
            <orientation>
                <value>0</value>
            </orientation>
            <rate>
                <value>1</value>
            </rate>
        </transition>
        <transition id="T3">
            <graphics>
                <position x="443.0" y="248.0"/>
            </graphics>
            <name>
                <value>T3</value>
                <graphics>
                    <offset x="-5.0" y="35.0"/>
                </graphics>
            </name>
            <infiniteServer>
                <value>false</value>
            </infiniteServer>
            <timed>
                <value>false</value>
            </timed>
            <priority>
                <value>1</value>
            </priority>
            <orientation>
                <value>0</value>
            </orientation>
            <rate>
                <value>1</value>
            </rate>
        </transition>
        <arc id="T4 TO P0" source="T4" target="P0">
            <arcpath id="" x="548.0" y="43.0" curvePoint="false"/>
            <arcpath id="" x="98.0" y="110.0" curvePoint="false"/>
            <type value="normal"/>
            <inscription>
                <value>Default,1</value>
            </inscription>
        </arc>
        <arc id="T2 TO P5" source="T2" target="P5">
            <arcpath id="" x="445.0" y="122.0" curvePoint="false"/>
            <arcpath id="" x="541.0" y="128.0" curvePoint="false"/>
            <type value="normal"/>
            <inscription>
                <value>Default,1</value>
            </inscription>
        </arc>
        <arc id="T3 TO P6" source="T3" target="P6">
            <arcpath id="" x="453.0" y="263.0" curvePoint="false"/>
            <arcpath id="" x="565.0" y="284.0" curvePoint="false"/>
            <type value="normal"/>
            <inscription>
                <value>Default,1</value>
            </inscription>
        </arc>
        <arc id="T1 TO P2" source="T1" target="P2">
            <arcpath id="" x="200.0" y="287.0" curvePoint="false"/>
            <arcpath id="" x="323.0" y="296.0" curvePoint="false"/>
            <type value="normal"/>
            <inscription>
                <value>Default,1</value>
            </inscription>
        </arc>
        <arc id="T0 TO P4" source="T0" target="P4">
            <arcpath id="" x="198.0" y="122.0" curvePoint="false"/>
            <arcpath id="" x="303.0" y="133.0" curvePoint="false"/>
            <type value="normal"/>
            <inscription>
                <value>Default,1</value>
            </inscription>
        </arc>
        <arc id="T5 TO P1" source="T5" target="P1">
            <arcpath id="" x="586.0" y="373.0" curvePoint="false"/>
            <arcpath id="" x="107.0" y="286.0" curvePoint="false"/>
            <type value="normal"/>
            <inscription>
                <value>Default,1</value>
            </inscription>
        </arc>
        <arc id="P6 TO T5" source="P6" target="T5">
            <arcpath id="" x="582.0" y="302.0" curvePoint="false"/>
            <arcpath id="" x="591.0" y="358.0" curvePoint="false"/>
            <type value="normal"/>
            <inscription>
                <value>Default,1</value>
            </inscription>
        </arc>
        <arc id="P2 TO T3" source="P2" target="T3">
            <arcpath id="" x="352.0" y="293.0" curvePoint="false"/>
            <arcpath id="" x="443.0" y="263.0" curvePoint="false"/>
            <type value="normal"/>
            <inscription>
                <value>Default,1</value>
            </inscription>
        </arc>
        <arc id="P4 TO T2" source="P4" target="T2">
            <arcpath id="" x="333.0" y="133.0" curvePoint="false"/>
            <arcpath id="" x="435.0" y="122.0" curvePoint="false"/>
            <type value="normal"/>
            <inscription>
                <value>Default,1</value>
            </inscription>
        </arc>
        <arc id="P0 TO T0" source="P0" target="T0">
            <arcpath id="" x="98.0" y="113.0" curvePoint="false"/>
            <arcpath id="" x="188.0" y="122.0" curvePoint="false"/>
            <type value="normal"/>
            <inscription>
                <value>Default,1</value>
            </inscription>
        </arc>
        <arc id="P3 TO T3" source="P3" target="T3">
            <arcpath id="" x="337.0" y="225.0" curvePoint="false"/>
            <arcpath id="" x="443.0" y="263.0" curvePoint="false"/>
            <type value="normal"/>
            <inscription>
                <value>Default,1</value>
            </inscription>
        </arc>
        <arc id="P1 TO T1" source="P1" target="T1">
            <arcpath id="" x="107.0" y="284.0" curvePoint="false"/>
            <arcpath id="" x="190.0" y="287.0" curvePoint="false"/>
            <type value="normal"/>
            <inscription>
                <value>Default,1</value>
            </inscription>
        </arc>
        <arc id="P3 TO T2" source="P3" target="T2">
            <arcpath id="" x="334.0" y="210.0" curvePoint="false"/>
            <arcpath id="" x="435.0" y="122.0" curvePoint="false"/>
            <type value="normal"/>
            <inscription>
                <value>Default,1</value>
            </inscription>
        </arc>
        <arc id="P5 TO T4" source="P5" target="T4">
            <arcpath id="" x="555.0" y="114.0" curvePoint="false"/>
            <arcpath id="" x="553.0" y="58.0" curvePoint="false"/>
            <type value="normal"/>
            <inscription>
                <value>Default,1</value>
            </inscription>
        </arc>
        <arc id="P3 TO T1" source="P3" target="T1">
            <arcpath id="" x="310.0" y="227.0" curvePoint="false"/>
            <arcpath id="" x="200.0" y="287.0" curvePoint="false"/>
            <type value="normal"/>
            <inscription>
                <value>Default,1</value>
            </inscription>
        </arc>
        <arc id="P3 TO T0" source="P3" target="T0">
            <arcpath id="" x="311.0" y="211.0" curvePoint="false"/>
            <arcpath id="" x="198.0" y="122.0" curvePoint="false"/>
            <type value="normal"/>
            <inscription>
                <value>Default,1</value>
            </inscription>
        </arc>
    </net>
</pnml>
