<?xml version="1.0" encoding="UTF-8" standalone="yes"?>
<pnml>
    <net>
        <token id="Default" red="0" green="0" blue="0"/>
        <place id="fork2">
            <graphics>
                <position x="755.0" y="309.0"/>
            </graphics>
            <name>
                <value>P2</value>
                <graphics>
                    <offset x="-5.0" y="35.0"/>
                </graphics>
            </name>
            <capacity>
                <value>0</value>
            </capacity>
            <initialMarking>
                <graphics>
                    <offset x="0.0" y="0.0"/>
                </graphics>
                <value>Default,1</value>
            </initialMarking>
        </place>
        <place id="eating4">
            <graphics>
                <position x="768.0" y="77.0"/>
            </graphics>
            <name>
                <value>P15</value>
                <graphics>
                    <offset x="-5.0" y="35.0"/>
                </graphics>
            </name>
            <capacity>
                <value>0</value>
            </capacity>
            <initialMarking>
                <graphics>
                    <offset x="0.0" y="0.0"/>
                </graphics>
                <value></value>
            </initialMarking>
        </place>
        <place id="eating3">
            <graphics>
                <position x="814.0" y="529.0"/>
            </graphics>
            <name>
                <value>P11</value>
                <graphics>
                    <offset x="-5.0" y="35.0"/>
                </graphics>
            </name>
            <capacity>
                <value>0</value>
            </capacity>
            <initialMarking>
                <graphics>
                    <offset x="0.0" y="0.0"/>
                </graphics>
                <value></value>
            </initialMarking>
        </place>
        <place id="eating2">
            <graphics>
                <position x="212.0" y="520.0"/>
            </graphics>
            <name>
                <value>P9</value>
                <graphics>
                    <offset x="-5.0" y="35.0"/>
                </graphics>
            </name>
            <capacity>
                <value>0</value>
            </capacity>
            <initialMarking>
                <graphics>
                    <offset x="0.0" y="0.0"/>
                </graphics>
                <value></value>
            </initialMarking>
        </place>
        <place id="eating1">
            <graphics>
                <position x="102.0" y="181.0"/>
            </graphics>
            <name>
                <value>P6</value>
                <graphics>
                    <offset x="-5.0" y="35.0"/>
                </graphics>
            </name>
            <capacity>
                <value>0</value>
            </capacity>
            <initialMarking>
                <graphics>
                    <offset x="0.0" y="0.0"/>
                </graphics>
                <value></value>
            </initialMarking>
        </place>
        <place id="preparation3">
            <graphics>
                <position x="902.0" y="419.0"/>
            </graphics>
            <name>
                <value>P12</value>
                <graphics>
                    <offset x="-5.0" y="35.0"/>
                </graphics>
            </name>
            <capacity>
                <value>0</value>
            </capacity>
            <initialMarking>
                <graphics>
                    <offset x="0.0" y="0.0"/>
                </graphics>
                <value></value>
            </initialMarking>
        </place>
        <place id="thinking4">
            <graphics>
                <position x="651.0" y="211.0"/>
            </graphics>
            <name>
                <value>P13</value>
                <graphics>
                    <offset x="-5.0" y="35.0"/>
                </graphics>
            </name>
            <capacity>
                <value>0</value>
            </capacity>
            <initialMarking>
                <graphics>
                    <offset x="0.0" y="0.0"/>
                </graphics>
                <value>Default,1</value>
            </initialMarking>
        </place>
        <place id="preparation4">
            <graphics>
                <position x="869.0" y="209.0"/>
            </graphics>
            <name>
                <value>P14</value>
                <graphics>
                    <offset x="-5.0" y="35.0"/>
                </graphics>
            </name>
            <capacity>
                <value>0</value>
            </capacity>
            <initialMarking>
                <graphics>
                    <offset x="0.0" y="0.0"/>
                </graphics>
                <value></value>
            </initialMarking>
        </place>
        <place id="thinking1">
            <graphics>
                <position x="295.0" y="181.0"/>
            </graphics>
            <name>
                <value>P4</value>
                <graphics>
                    <offset x="-5.0" y="35.0"/>
                </graphics>
            </name>
            <capacity>
                <value>0</value>
            </capacity>
            <initialMarking>
                <graphics>
                    <offset x="0.0" y="0.0"/>
                </graphics>
                <value>Default,1</value>
            </initialMarking>
        </place>
        <place id="thinking3">
            <graphics>
                <position x="693.0" y="417.0"/>
            </graphics>
            <name>
                <value>P10</value>
                <graphics>
                    <offset x="-5.0" y="35.0"/>
                </graphics>
            </name>
            <capacity>
                <value>0</value>
            </capacity>
            <initialMarking>
                <graphics>
                    <offset x="0.0" y="0.0"/>
                </graphics>
                <value>Default,1</value>
            </initialMarking>
        </place>
        <place id="preparation1">
            <graphics>
                <position x="193.0" y="65.0"/>
            </graphics>
            <name>
                <value>P5</value>
                <graphics>
                    <offset x="-5.0" y="35.0"/>
                </graphics>
            </name>
            <capacity>
                <value>0</value>
            </capacity>
            <initialMarking>
                <graphics>
                    <offset x="0.0" y="0.0"/>
                </graphics>
                <value></value>
            </initialMarking>
        </place>
        <place id="thinking2">
            <graphics>
                <position x="303.0" y="406.0"/>
            </graphics>
            <name>
                <value>P7</value>
                <graphics>
                    <offset x="-5.0" y="35.0"/>
                </graphics>
            </name>
            <capacity>
                <value>0</value>
            </capacity>
            <initialMarking>
                <graphics>
                    <offset x="0.0" y="0.0"/>
                </graphics>
                <value>Default,1</value>
            </initialMarking>
        </place>
        <place id="preparation2">
            <graphics>
                <position x="96.0" y="413.0"/>
            </graphics>
            <name>
                <value>P8</value>
                <graphics>
                    <offset x="-5.0" y="35.0"/>
                </graphics>
            </name>
            <capacity>
                <value>0</value>
            </capacity>
            <initialMarking>
                <graphics>
                    <offset x="0.0" y="0.0"/>
                </graphics>
                <value></value>
            </initialMarking>
        </place>
        <place id="spoon2">
            <graphics>
                <position x="471.0" y="463.0"/>
            </graphics>
            <name>
                <value>P3</value>
                <graphics>
                    <offset x="-5.0" y="35.0"/>
                </graphics>
            </name>
            <capacity>
                <value>0</value>
            </capacity>
            <initialMarking>
                <graphics>
                    <offset x="0.0" y="0.0"/>
                </graphics>
                <value>Default,1</value>
            </initialMarking>
        </place>
        <place id="spoon1">
            <graphics>
                <position x="463.0" y="68.0"/>
            </graphics>
            <name>
                <value>P0</value>
                <graphics>
                    <offset x="-5.0" y="35.0"/>
                </graphics>
            </name>
            <capacity>
                <value>0</value>
            </capacity>
            <initialMarking>
                <graphics>
                    <offset x="0.0" y="0.0"/>
                </graphics>
                <value>Default,1</value>
            </initialMarking>
        </place>
        <place id="fork1">
            <graphics>
                <position x="201.0" y="299.0"/>
            </graphics>
            <name>
                <value>P1</value>
                <graphics>
                    <offset x="-5.0" y="35.0"/>
                </graphics>
            </name>
            <capacity>
                <value>0</value>
            </capacity>
            <initialMarking>
                <graphics>
                    <offset x="0.0" y="0.0"/>
                </graphics>
                <value>Default,1</value>
            </initialMarking>
        </place>
        <transition id="T4">
            <graphics>
                <position x="123.0" y="503.0"/>
            </graphics>
            <name>
                <value>T4</value>
                <graphics>
                    <offset x="-5.0" y="35.0"/>
                </graphics>
            </name>
            <infiniteServer>
                <value>false</value>
            </infiniteServer>
            <timed>
                <value>false</value>
            </timed>
            <priority>
                <value>1</value>
            </priority>
            <orientation>
                <value>0</value>
            </orientation>
            <rate>
                <value>1</value>
            </rate>
        </transition>
        <transition id="T5">
            <graphics>
                <position x="299.0" y="497.0"/>
            </graphics>
            <name>
                <value>T5</value>
                <graphics>
                    <offset x="-5.0" y="35.0"/>
                </graphics>
            </name>
            <infiniteServer>
                <value>false</value>
            </infiniteServer>
            <timed>
                <value>false</value>
            </timed>
            <priority>
                <value>1</value>
            </priority>
            <orientation>
                <value>0</value>
            </orientation>
            <rate>
                <value>1</value>
            </rate>
        </transition>
        <transition id="T6">
            <graphics>
                <position x="793.0" y="435.0"/>
            </graphics>
            <name>
                <value>T6</value>
                <graphics>
                    <offset x="-5.0" y="35.0"/>
                </graphics>
            </name>
            <infiniteServer>
                <value>false</value>
            </infiniteServer>
            <timed>
                <value>false</value>
            </timed>
            <priority>
                <value>1</value>
            </priority>
            <orientation>
                <value>0</value>
            </orientation>
            <rate>
                <value>1</value>
            </rate>
        </transition>
        <transition id="T10">
            <graphics>
                <position x="850.0" y="137.0"/>
            </graphics>
            <name>
                <value>T10</value>
                <graphics>
                    <offset x="-5.0" y="35.0"/>
                </graphics>
            </name>
            <infiniteServer>
                <value>false</value>
            </infiniteServer>
            <timed>
                <value>false</value>
            </timed>
            <priority>
                <value>1</value>
            </priority>
            <orientation>
                <value>0</value>
            </orientation>
            <rate>
                <value>1</value>
            </rate>
        </transition>
        <transition id="T7">
            <graphics>
                <position x="713.0" y="506.0"/>
            </graphics>
            <name>
                <value>T7</value>
                <graphics>
                    <offset x="-5.0" y="35.0"/>
                </graphics>
            </name>
            <infiniteServer>
                <value>false</value>
            </infiniteServer>
            <timed>
                <value>false</value>
            </timed>
            <priority>
                <value>1</value>
            </priority>
            <orientation>
                <value>0</value>
            </orientation>
            <rate>
                <value>1</value>
            </rate>
        </transition>
        <transition id="T8">
            <graphics>
                <position x="914.0" y="497.0"/>
            </graphics>
            <name>
                <value>T8</value>
                <graphics>
                    <offset x="-5.0" y="35.0"/>
                </graphics>
            </name>
            <infiniteServer>
                <value>false</value>
            </infiniteServer>
            <timed>
                <value>false</value>
            </timed>
            <priority>
                <value>1</value>
            </priority>
            <orientation>
                <value>0</value>
            </orientation>
            <rate>
                <value>1</value>
            </rate>
        </transition>
        <transition id="T9">
            <graphics>
                <position x="700.0" y="134.0"/>
            </graphics>
            <name>
                <value>T9</value>
                <graphics>
                    <offset x="-5.0" y="35.0"/>
                </graphics>
            </name>
            <infiniteServer>
                <value>false</value>
            </infiniteServer>
            <timed>
                <value>false</value>
            </timed>
            <priority>
                <value>1</value>
            </priority>
            <orientation>
                <value>0</value>
            </orientation>
            <rate>
                <value>1</value>
            </rate>
        </transition>
        <transition id="T11">
            <graphics>
                <position x="763.0" y="231.0"/>
            </graphics>
            <name>
                <value>T11</value>
                <graphics>
                    <offset x="-5.0" y="35.0"/>
                </graphics>
            </name>
            <infiniteServer>
                <value>false</value>
            </infiniteServer>
            <timed>
                <value>false</value>
            </timed>
            <priority>
                <value>1</value>
            </priority>
            <orientation>
                <value>0</value>
            </orientation>
            <rate>
                <value>1</value>
            </rate>
        </transition>
        <transition id="T0">
            <graphics>
                <position x="268.0" y="114.0"/>
            </graphics>
            <name>
                <value>T0</value>
                <graphics>
                    <offset x="-5.0" y="35.0"/>
                </graphics>
            </name>
            <infiniteServer>
                <value>false</value>
            </infiniteServer>
            <timed>
                <value>false</value>
            </timed>
            <priority>
                <value>1</value>
            </priority>
            <orientation>
                <value>0</value>
            </orientation>
            <rate>
                <value>1</value>
            </rate>
        </transition>
        <transition id="T1">
            <graphics>
                <position x="125.0" y="132.0"/>
            </graphics>
            <name>
                <value>T1</value>
                <graphics>
                    <offset x="-5.0" y="35.0"/>
                </graphics>
            </name>
            <infiniteServer>
                <value>false</value>
            </infiniteServer>
            <timed>
                <value>false</value>
            </timed>
            <priority>
                <value>1</value>
            </priority>
            <orientation>
                <value>0</value>
            </orientation>
            <rate>
                <value>1</value>
            </rate>
        </transition>
        <transition id="T2">
            <graphics>
                <position x="191.0" y="186.0"/>
            </graphics>
            <name>
                <value>T2</value>
                <graphics>
                    <offset x="-5.0" y="35.0"/>
                </graphics>
            </name>
            <infiniteServer>
                <value>false</value>
            </infiniteServer>
            <timed>
                <value>false</value>
            </timed>
            <priority>
                <value>1</value>
            </priority>
            <orientation>
                <value>0</value>
            </orientation>
            <rate>
                <value>1</value>
            </rate>
        </transition>
        <transition id="T3">
            <graphics>
                <position x="213.0" y="416.0"/>
            </graphics>
            <name>
                <value>T3</value>
                <graphics>
                    <offset x="-5.0" y="35.0"/>
                </graphics>
            </name>
            <infiniteServer>
                <value>false</value>
            </infiniteServer>
            <timed>
                <value>false</value>
            </timed>
            <priority>
                <value>1</value>
            </priority>
            <orientation>
                <value>0</value>
            </orientation>
            <rate>
                <value>1</value>
            </rate>
        </transition>
        <arc id="T2 TO fork1" source="T2" target="fork1">
            <arcpath id="" x="196.0" y="216.0" curvePoint="false"/>
            <arcpath id="" x="213.0" y="299.0" curvePoint="false"/>
            <type value="normal"/>
            <inscription>
                <value>Default,1</value>
            </inscription>
        </arc>
        <arc id="T5 TO fork1" source="T5" target="fork1">
            <arcpath id="" x="304.0" y="497.0" curvePoint="false"/>
            <arcpath id="" x="222.0" y="328.0" curvePoint="false"/>
            <type value="normal"/>
            <inscription>
                <value>Default,1</value>
            </inscription>
        </arc>
        <arc id="T5 TO fork2" source="T5" target="spoon2">
            <arcpath id="" x="309.0" y="512.0" curvePoint="false"/>
            <arcpath id="" x="471.0" y="481.0" curvePoint="false"/>
            <type value="normal"/>
            <inscription>
                <value>Default,1</value>
            </inscription>
        </arc>
        <arc id="T1 TO eating1" source="T1" target="eating1">
            <arcpath id="" x="130.0" y="162.0" curvePoint="false"/>
            <arcpath id="" x="121.0" y="182.0" curvePoint="false"/>
            <type value="normal"/>
            <inscription>
                <value>Default,1</value>
            </inscription>
        </arc>
        <arc id="T7 TO spoon2" source="T7" target="fork2">
            <arcpath id="" x="718.0" y="506.0" curvePoint="false"/>
            <arcpath id="" x="766.0" y="339.0" curvePoint="false"/>
            <type value="normal"/>
            <inscription>
                <value>Default,1</value>
            </inscription>
        </arc>
        <arc id="T11 TO preparation4" source="T11" target="preparation4">
            <arcpath id="" x="773.0" y="246.0" curvePoint="false"/>
            <arcpath id="" x="869.0" y="227.0" curvePoint="false"/>
            <type value="normal"/>
            <inscription>
                <value>Default,1</value>
            </inscription>
        </arc>
        <arc id="T0 TO preparation1" source="T0" target="preparation1">
            <arcpath id="" x="268.0" y="129.0" curvePoint="false"/>
            <arcpath id="" x="220.0" y="89.0" curvePoint="false"/>
            <type value="normal"/>
            <inscription>
                <value>Default,1</value>
            </inscription>
        </arc>
        <arc id="T2 TO thinking1" source="T2" target="thinking1">
            <arcpath id="" x="201.0" y="201.0" curvePoint="false"/>
            <arcpath id="" x="295.0" y="197.0" curvePoint="false"/>
            <type value="normal"/>
            <inscription>
                <value>Default,1</value>
            </inscription>
        </arc>
        <arc id="T6 TO preparation3" source="T6" target="preparation3">
            <arcpath id="" x="803.0" y="450.0" curvePoint="false"/>
            <arcpath id="" x="902.0" y="436.0" curvePoint="false"/>
            <type value="normal"/>
            <inscription>
                <value>Default,1</value>
            </inscription>
        </arc>
        <arc id="T3 TO preparation2" source="T3" target="preparation2">
            <arcpath id="" x="213.0" y="431.0" curvePoint="false"/>
            <arcpath id="" x="126.0" y="428.0" curvePoint="false"/>
            <type value="normal"/>
            <inscription>
                <value>Default,1</value>
            </inscription>
        </arc>
        <arc id="T9 TO spoon1" source="T9" target="spoon1">
            <arcpath id="" x="700.0" y="149.0" curvePoint="false"/>
            <arcpath id="" x="492.0" y="87.0" curvePoint="false"/>
            <type value="normal"/>
            <inscription>
                <value>Default,1</value>
            </inscription>
        </arc>
        <arc id="T7 TO fork2" source="T7" target="spoon2">
            <arcpath id="" x="713.0" y="521.0" curvePoint="false"/>
            <arcpath id="" x="501.0" y="481.0" curvePoint="false"/>
            <type value="normal"/>
            <inscription>
                <value>Default,1</value>
            </inscription>
        </arc>
        <arc id="T9 TO spoon2" source="T9" target="fork2">
            <arcpath id="" x="705.0" y="164.0" curvePoint="false"/>
            <arcpath id="" x="765.0" y="310.0" curvePoint="false"/>
            <type value="normal"/>
            <inscription>
                <value>Default,1</value>
            </inscription>
        </arc>
        <arc id="T2 TO spoon1" source="T2" target="spoon1">
            <arcpath id="" x="201.0" y="201.0" curvePoint="false"/>
            <arcpath id="" x="464.0" y="89.0" curvePoint="false"/>
            <type value="normal"/>
            <inscription>
                <value>Default,1</value>
            </inscription>
        </arc>
        <arc id="T4 TO eating2" source="T4" target="eating2">
            <arcpath id="" x="133.0" y="518.0" curvePoint="false"/>
            <arcpath id="" x="212.0" y="532.0" curvePoint="false"/>
            <type value="normal"/>
            <inscription>
                <value>Default,1</value>
            </inscription>
        </arc>
        <arc id="T5 TO thinking2" source="T5" target="thinking2">
            <arcpath id="" x="304.0" y="497.0" curvePoint="false"/>
            <arcpath id="" x="316.0" y="436.0" curvePoint="false"/>
            <type value="normal"/>
            <inscription>
                <value>Default,1</value>
            </inscription>
        </arc>
        <arc id="T9 TO thinking4" source="T9" target="thinking4">
            <arcpath id="" x="705.0" y="164.0" curvePoint="false"/>
            <arcpath id="" x="673.0" y="213.0" curvePoint="false"/>
            <type value="normal"/>
            <inscription>
                <value>Default,1</value>
            </inscription>
        </arc>
        <arc id="T8 TO eating3" source="T8" target="eating3">
            <arcpath id="" x="914.0" y="512.0" curvePoint="false"/>
            <arcpath id="" x="843.0" y="539.0" curvePoint="false"/>
            <type value="normal"/>
            <inscription>
                <value>Default,1</value>
            </inscription>
        </arc>
        <arc id="T7 TO thinking3" source="T7" target="thinking3">
            <arcpath id="" x="718.0" y="506.0" curvePoint="false"/>
            <arcpath id="" x="710.0" y="447.0" curvePoint="false"/>
            <type value="normal"/>
            <inscription>
                <value>Default,1</value>
            </inscription>
        </arc>
        <arc id="T10 TO eating4" source="T10" target="eating4">
            <arcpath id="" x="850.0" y="152.0" curvePoint="false"/>
            <arcpath id="" x="795.0" y="102.0" curvePoint="false"/>
            <type value="normal"/>
            <inscription>
                <value>Default,1</value>
            </inscription>
        </arc>
        <arc id="thinking2 TO T3" source="thinking2" target="T3">
            <arcpath id="" x="303.0" y="422.0" curvePoint="false"/>
            <arcpath id="" x="223.0" y="431.0" curvePoint="false"/>
            <type value="normal"/>
            <inscription>
                <value>Default,1</value>
            </inscription>
        </arc>
        <arc id="thinking1 TO T0" source="thinking1" target="T0">
            <arcpath id="" x="303.0" y="183.0" curvePoint="false"/>
            <arcpath id="" x="273.0" y="144.0" curvePoint="false"/>
            <type value="normal"/>
            <inscription>
                <value>Default,1</value>
            </inscription>
        </arc>
        <arc id="thinking4 TO T11" source="thinking4" target="T11">
            <arcpath id="" x="681.0" y="229.0" curvePoint="false"/>
            <arcpath id="" x="763.0" y="246.0" curvePoint="false"/>
            <type value="normal"/>
            <inscription>
                <value>Default,1</value>
            </inscription>
        </arc>
        <arc id="preparation4 TO T10" source="preparation4" target="T10">
            <arcpath id="" x="878.0" y="210.0" curvePoint="false"/>
            <arcpath id="" x="855.0" y="167.0" curvePoint="false"/>
            <type value="normal"/>
            <inscription>
                <value>Default,1</value>
            </inscription>
        </arc>
        <arc id="thinking3 TO T6" source="thinking3" target="T6">
            <arcpath id="" x="723.0" y="435.0" curvePoint="false"/>
            <arcpath id="" x="793.0" y="450.0" curvePoint="false"/>
            <type value="normal"/>
            <inscription>
                <value>Default,1</value>
            </inscription>
        </arc>
        <arc id="fork1 TO T3" source="fork1" target="T3">
            <arcpath id="" x="216.0" y="329.0" curvePoint="false"/>
            <arcpath id="" x="218.0" y="416.0" curvePoint="false"/>
            <type value="normal"/>
            <inscription>
                <value>Default,1</value>
            </inscription>
        </arc>
        <arc id="fork1 TO T1" source="fork1" target="T1">
            <arcpath id="" x="215.0" y="299.0" curvePoint="false"/>
            <arcpath id="" x="208.0" y="145.0" curvePoint="false"/>
            <arcpath id="" x="135.0" y="147.0" curvePoint="false"/>
            <type value="normal"/>
            <inscription>
                <value>Default,1</value>
            </inscription>
        </arc>
        <arc id="eating3 TO T7" source="eating3" target="T7">
            <arcpath id="" x="814.0" y="541.0" curvePoint="false"/>
            <arcpath id="" x="723.0" y="521.0" curvePoint="false"/>
            <type value="normal"/>
            <inscription>
                <value>Default,1</value>
            </inscription>
        </arc>
        <arc id="preparation1 TO T1" source="preparation1" target="T1">
            <arcpath id="" x="197.0" y="90.0" curvePoint="false"/>
            <arcpath id="" x="135.0" y="147.0" curvePoint="false"/>
            <type value="normal"/>
            <inscription>
                <value>Default,1</value>
            </inscription>
        </arc>
        <arc id="spoon1 TO T0" source="spoon1" target="T0">
            <arcpath id="" x="463.0" y="86.0" curvePoint="false"/>
            <arcpath id="" x="278.0" y="129.0" curvePoint="false"/>
            <type value="normal"/>
            <inscription>
                <value>Default,1</value>
            </inscription>
        </arc>
        <arc id="fork2 TO T4" source="spoon2" target="T4">
            <arcpath id="" x="471.0" y="480.0" curvePoint="false"/>
            <arcpath id="" x="133.0" y="518.0" curvePoint="false"/>
            <type value="normal"/>
            <inscription>
                <value>Default,1</value>
            </inscription>
        </arc>
        <arc id="spoon1 TO T10" source="spoon1" target="T10">
            <arcpath id="" x="493.0" y="86.0" curvePoint="false"/>
            <arcpath id="" x="850.0" y="152.0" curvePoint="false"/>
            <type value="normal"/>
            <inscription>
                <value>Default,1</value>
            </inscription>
        </arc>
        <arc id="spoon2 TO T11" source="fork2" target="T11">
            <arcpath id="" x="770.0" y="309.0" curvePoint="false"/>
            <arcpath id="" x="768.0" y="261.0" curvePoint="false"/>
            <type value="normal"/>
            <inscription>
                <value>Default,1</value>
            </inscription>
        </arc>
        <arc id="eating4 TO T9" source="eating4" target="T9">
            <arcpath id="" x="771.0" y="101.0" curvePoint="false"/>
            <arcpath id="" x="710.0" y="149.0" curvePoint="false"/>
            <type value="normal"/>
            <inscription>
                <value>Default,1</value>
            </inscription>
        </arc>
        <arc id="fork2 TO T6" source="spoon2" target="T6">
            <arcpath id="" x="501.0" y="477.0" curvePoint="false"/>
            <arcpath id="" x="793.0" y="450.0" curvePoint="false"/>
            <type value="normal"/>
            <inscription>
                <value>Default,1</value>
            </inscription>
        </arc>
        <arc id="eating2 TO T5" source="eating2" target="T5">
            <arcpath id="" x="241.0" y="531.0" curvePoint="false"/>
            <arcpath id="" x="299.0" y="512.0" curvePoint="false"/>
            <type value="normal"/>
            <inscription>
                <value>Default,1</value>
            </inscription>
        </arc>
        <arc id="eating1 TO T2" source="eating1" target="T2">
            <arcpath id="" x="132.0" y="197.0" curvePoint="false"/>
            <arcpath id="" x="191.0" y="201.0" curvePoint="false"/>
            <type value="normal"/>
            <inscription>
                <value>Default,1</value>
            </inscription>
        </arc>
        <arc id="preparation2 TO T4" source="preparation2" target="T4">
            <arcpath id="" x="114.0" y="443.0" curvePoint="false"/>
            <arcpath id="" x="128.0" y="503.0" curvePoint="false"/>
            <type value="normal"/>
            <inscription>
                <value>Default,1</value>
            </inscription>
        </arc>
        <arc id="preparation3 TO T8" source="preparation3" target="T8">
            <arcpath id="" x="917.0" y="449.0" curvePoint="false"/>
            <arcpath id="" x="919.0" y="497.0" curvePoint="false"/>
            <type value="normal"/>
            <inscription>
                <value>Default,1</value>
            </inscription>
        </arc>
        <arc id="spoon2 TO T8" source="fork2" target="T8">
            <arcpath id="" x="779.0" y="336.0" curvePoint="false"/>
            <arcpath id="" x="919.0" y="497.0" curvePoint="false"/>
            <type value="normal"/>
            <inscription>
                <value>Default,1</value>
            </inscription>
        </arc>
    </net>
</pnml>
