<?xml version="1.0" encoding="UTF-8" standalone="yes"?>
<pnml>
    <net>
        <token id="Default" red="0" green="0" blue="0"/>
        <labels border="true" x="318" y="229" width="100" height="50">
            <text>confirm payment</text>
        </labels>
        <labels border="true" x="613" y="79" width="100" height="50">
            <text>online payment process</text>
        </labels>
        <labels border="true" x="720" y="577" width="100" height="50">
            <text>end of process</text>
        </labels>
        <labels border="true" x="780" y="245" width="100" height="50">
            <text>loading page</text>
        </labels>
        <labels border="true" x="586" y="255" width="100" height="50">
            <text>send email</text>
        </labels>
        <place id="P0">
            <graphics>
                <position x="529.0" y="72.0"/>
            </graphics>
            <name>
                <value>P0</value>
                <graphics>
                    <offset x="-5.0" y="35.0"/>
                </graphics>
            </name>
            <capacity>
                <value>0</value>
            </capacity>
            <initialMarking>
                <graphics>
                    <offset x="0.0" y="0.0"/>
                </graphics>
                <value>Default,1</value>
            </initialMarking>
        </place>
        <place id="P1">
            <graphics>
                <position x="361.0" y="238.0"/>
            </graphics>
            <name>
                <value>P1</value>
                <graphics>
                    <offset x="-5.0" y="35.0"/>
                </graphics>
            </name>
            <capacity>
                <value>0</value>
            </capacity>
            <initialMarking>
                <graphics>
                    <offset x="0.0" y="0.0"/>
                </graphics>
                <value></value>
            </initialMarking>
        </place>
        <place id="P2">
            <graphics>
                <position x="531.0" y="238.0"/>
            </graphics>
            <name>
                <value>P2</value>
                <graphics>
                    <offset x="-5.0" y="35.0"/>
                </graphics>
            </name>
            <capacity>
                <value>0</value>
            </capacity>
            <initialMarking>
                <graphics>
                    <offset x="0.0" y="0.0"/>
                </graphics>
                <value></value>
            </initialMarking>
        </place>
        <place id="P3">
            <graphics>
                <position x="717.0" y="244.0"/>
            </graphics>
            <name>
                <value>P3</value>
                <graphics>
                    <offset x="-5.0" y="35.0"/>
                </graphics>
            </name>
            <capacity>
                <value>0</value>
            </capacity>
            <initialMarking>
                <graphics>
                    <offset x="0.0" y="0.0"/>
                </graphics>
                <value></value>
            </initialMarking>
        </place>
        <place id="P4">
            <graphics>
                <position x="374.0" y="404.0"/>
            </graphics>
            <name>
                <value>P4</value>
                <graphics>
                    <offset x="-5.0" y="35.0"/>
                </graphics>
            </name>
            <capacity>
                <value>0</value>
            </capacity>
            <initialMarking>
                <graphics>
                    <offset x="0.0" y="0.0"/>
                </graphics>
                <value></value>
            </initialMarking>
        </place>
        <place id="P5">
            <graphics>
                <position x="641.0" y="563.0"/>
            </graphics>
            <name>
                <value>P5</value>
                <graphics>
                    <offset x="-5.0" y="35.0"/>
                </graphics>
            </name>
            <capacity>
                <value>0</value>
            </capacity>
            <initialMarking>
                <graphics>
                    <offset x="0.0" y="0.0"/>
                </graphics>
                <value></value>
            </initialMarking>
        </place>
        <transition id="T0">
            <graphics>
                <position x="541.0" y="154.0"/>
            </graphics>
            <name>
                <value>T0</value>
                <graphics>
                    <offset x="-5.0" y="35.0"/>
                </graphics>
            </name>
            <infiniteServer>
                <value>false</value>
            </infiniteServer>
            <timed>
                <value>false</value>
            </timed>
            <priority>
                <value>1</value>
            </priority>
            <orientation>
                <value>90</value>
            </orientation>
            <rate>
                <value>1</value>
            </rate>
        </transition>
        <transition id="T1">
            <graphics>
                <position x="374.0" y="317.0"/>
            </graphics>
            <name>
                <value>T1</value>
                <graphics>
                    <offset x="-5.0" y="35.0"/>
                </graphics>
            </name>
            <infiniteServer>
                <value>false</value>
            </infiniteServer>
            <timed>
                <value>false</value>
            </timed>
            <priority>
                <value>1</value>
            </priority>
            <orientation>
                <value>90</value>
            </orientation>
            <rate>
                <value>1</value>
            </rate>
        </transition>
        <transition id="T2">
            <graphics>
                <position x="635.0" y="471.0"/>
            </graphics>
            <name>
                <value>T2</value>
                <graphics>
                    <offset x="-5.0" y="35.0"/>
                </graphics>
            </name>
            <infiniteServer>
                <value>false</value>
            </infiniteServer>
            <timed>
                <value>false</value>
            </timed>
            <priority>
                <value>1</value>
            </priority>
            <orientation>
                <value>90</value>
            </orientation>
            <rate>
                <value>1</value>
            </rate>
        </transition>
        <arc id="T2 TO P5" source="T2" target="P5">
            <arcpath id="" x="640.0" y="491.0" curvePoint="false"/>
            <arcpath id="" x="653.0" y="563.0" curvePoint="false"/>
            <type value="normal"/>
            <inscription>
                <value>Default,1</value>
            </inscription>
        </arc>
        <arc id="T1 TO P4" source="T1" target="P4">
            <arcpath id="" x="379.0" y="337.0" curvePoint="false"/>
            <arcpath id="" x="387.0" y="404.0" curvePoint="false"/>
            <type value="normal"/>
            <inscription>
                <value>Default,1</value>
            </inscription>
        </arc>
        <arc id="T0 TO P3" source="T0" target="P3">
            <arcpath id="" x="561.0" y="169.0" curvePoint="false"/>
            <arcpath id="" x="718.0" y="252.0" curvePoint="false"/>
            <type value="normal"/>
            <inscription>
                <value>Default,1</value>
            </inscription>
        </arc>
        <arc id="T0 TO P2" source="T0" target="P2">
            <arcpath id="" x="546.0" y="174.0" curvePoint="false"/>
            <arcpath id="" x="546.0" y="238.0" curvePoint="false"/>
            <type value="normal"/>
            <inscription>
                <value>Default,1</value>
            </inscription>
        </arc>
        <arc id="T0 TO P1" source="T0" target="P1">
            <arcpath id="" x="531.0" y="169.0" curvePoint="false"/>
            <arcpath id="" x="389.0" y="246.0" curvePoint="false"/>
            <type value="normal"/>
            <inscription>
                <value>Default,1</value>
            </inscription>
        </arc>
        <arc id="P2 TO T2" source="P2" target="T2">
            <arcpath id="" x="552.0" y="267.0" curvePoint="false"/>
            <arcpath id="" x="640.0" y="481.0" curvePoint="false"/>
            <type value="normal"/>
            <inscription>
                <value>Default,1</value>
            </inscription>
        </arc>
        <arc id="P4 TO T2" source="P4" target="T2">
            <arcpath id="" x="403.0" y="423.0" curvePoint="false"/>
            <arcpath id="" x="625.0" y="486.0" curvePoint="false"/>
            <type value="normal"/>
            <inscription>
                <value>Default,1</value>
            </inscription>
        </arc>
        <arc id="P0 TO T0" source="P0" target="T0">
            <arcpath id="" x="544.0" y="102.0" curvePoint="false"/>
            <arcpath id="" x="546.0" y="164.0" curvePoint="false"/>
            <type value="normal"/>
            <inscription>
                <value>Default,1</value>
            </inscription>
        </arc>
        <arc id="P3 TO T2" source="P3" target="T2">
            <arcpath id="" x="726.0" y="273.0" curvePoint="false"/>
            <arcpath id="" x="640.0" y="481.0" curvePoint="false"/>
            <type value="normal"/>
            <inscription>
                <value>Default,1</value>
            </inscription>
        </arc>
        <arc id="P1 TO T1" source="P1" target="T1">
            <arcpath id="" x="377.0" y="268.0" curvePoint="false"/>
            <arcpath id="" x="379.0" y="327.0" curvePoint="false"/>
            <type value="normal"/>
            <inscription>
                <value>Default,1</value>
            </inscription>
        </arc>
    </net>
</pnml>
