<?xml version="1.0" encoding="UTF-8" standalone="yes"?>
<pnml>
    <net>
        <token id="Default" red="0" green="0" blue="0"/>
        <labels border="true" x="603" y="131" width="100" height="50">
            <text>fork</text>
        </labels>
        <labels border="true" x="564" y="500" width="100" height="50">
            <text>join</text>
        </labels>
        <labels border="true" x="525" y="333" width="100" height="50">
            <text>confusion</text>
        </labels>
        <place id="P0">
            <graphics>
                <position x="534.0" y="74.0"/>
            </graphics>
            <name>
                <value>P0</value>
                <graphics>
                    <offset x="-5.0" y="35.0"/>
                </graphics>
            </name>
            <capacity>
                <value>0</value>
            </capacity>
            <initialMarking>
                <graphics>
                    <offset x="0.0" y="0.0"/>
                </graphics>
                <value>Default,2</value>
            </initialMarking>
        </place>
        <place id="P1">
            <graphics>
                <position x="390.0" y="259.0"/>
            </graphics>
            <name>
                <value>P1</value>
                <graphics>
                    <offset x="-5.0" y="35.0"/>
                </graphics>
            </name>
            <capacity>
                <value>0</value>
            </capacity>
            <initialMarking>
                <graphics>
                    <offset x="0.0" y="0.0"/>
                </graphics>
                <value></value>
            </initialMarking>
        </place>
        <place id="P2">
            <graphics>
                <position x="532.0" y="264.0"/>
            </graphics>
            <name>
                <value>P2</value>
                <graphics>
                    <offset x="-5.0" y="35.0"/>
                </graphics>
            </name>
            <capacity>
                <value>0</value>
            </capacity>
            <initialMarking>
                <graphics>
                    <offset x="0.0" y="0.0"/>
                </graphics>
                <value></value>
            </initialMarking>
        </place>
        <place id="P3">
            <graphics>
                <position x="711.0" y="273.0"/>
            </graphics>
            <name>
                <value>P3</value>
                <graphics>
                    <offset x="-5.0" y="35.0"/>
                </graphics>
            </name>
            <capacity>
                <value>0</value>
            </capacity>
            <initialMarking>
                <graphics>
                    <offset x="0.0" y="0.0"/>
                </graphics>
                <value></value>
            </initialMarking>
        </place>
        <place id="P4">
            <graphics>
                <position x="471.0" y="460.0"/>
            </graphics>
            <name>
                <value>P4</value>
                <graphics>
                    <offset x="-5.0" y="35.0"/>
                </graphics>
            </name>
            <capacity>
                <value>0</value>
            </capacity>
            <initialMarking>
                <graphics>
                    <offset x="0.0" y="0.0"/>
                </graphics>
                <value></value>
            </initialMarking>
        </place>
        <place id="P5">
            <graphics>
                <position x="649.0" y="459.0"/>
            </graphics>
            <name>
                <value>P5</value>
                <graphics>
                    <offset x="-5.0" y="35.0"/>
                </graphics>
            </name>
            <capacity>
                <value>0</value>
            </capacity>
            <initialMarking>
                <graphics>
                    <offset x="0.0" y="0.0"/>
                </graphics>
                <value></value>
            </initialMarking>
        </place>
        <place id="P6">
            <graphics>
                <position x="561.0" y="594.0"/>
            </graphics>
            <name>
                <value>P6</value>
                <graphics>
                    <offset x="-5.0" y="35.0"/>
                </graphics>
            </name>
            <capacity>
                <value>0</value>
            </capacity>
            <initialMarking>
                <graphics>
                    <offset x="0.0" y="0.0"/>
                </graphics>
                <value></value>
            </initialMarking>
        </place>
        <transition id="T0">
            <graphics>
                <position x="551.0" y="153.0"/>
            </graphics>
            <name>
                <value>T0</value>
                <graphics>
                    <offset x="-5.0" y="35.0"/>
                </graphics>
            </name>
            <infiniteServer>
                <value>false</value>
            </infiniteServer>
            <timed>
                <value>false</value>
            </timed>
            <priority>
                <value>1</value>
            </priority>
            <orientation>
                <value>90</value>
            </orientation>
            <rate>
                <value>1</value>
            </rate>
        </transition>
        <transition id="T1">
            <graphics>
                <position x="467.0" y="363.0"/>
            </graphics>
            <name>
                <value>T1</value>
                <graphics>
                    <offset x="-5.0" y="35.0"/>
                </graphics>
            </name>
            <infiniteServer>
                <value>false</value>
            </infiniteServer>
            <timed>
                <value>false</value>
            </timed>
            <priority>
                <value>1</value>
            </priority>
            <orientation>
                <value>90</value>
            </orientation>
            <rate>
                <value>1</value>
            </rate>
        </transition>
        <transition id="T2">
            <graphics>
                <position x="643.0" y="367.0"/>
            </graphics>
            <name>
                <value>T2</value>
                <graphics>
                    <offset x="-5.0" y="35.0"/>
                </graphics>
            </name>
            <infiniteServer>
                <value>false</value>
            </infiniteServer>
            <timed>
                <value>false</value>
            </timed>
            <priority>
                <value>1</value>
            </priority>
            <orientation>
                <value>90</value>
            </orientation>
            <rate>
                <value>1</value>
            </rate>
        </transition>
        <transition id="T3">
            <graphics>
                <position x="568.0" y="535.0"/>
            </graphics>
            <name>
                <value>T3</value>
                <graphics>
                    <offset x="-5.0" y="35.0"/>
                </graphics>
            </name>
            <infiniteServer>
                <value>false</value>
            </infiniteServer>
            <timed>
                <value>false</value>
            </timed>
            <priority>
                <value>1</value>
            </priority>
            <orientation>
                <value>90</value>
            </orientation>
            <rate>
                <value>1</value>
            </rate>
        </transition>
        <arc id="T2 TO P5" source="T2" target="P5">
            <arcpath id="" x="648.0" y="387.0" curvePoint="false"/>
            <arcpath id="" x="661.0" y="459.0" curvePoint="false"/>
            <type value="normal"/>
            <inscription>
                <value>Default,1</value>
            </inscription>
        </arc>
        <arc id="T1 TO P4" source="T1" target="P4">
            <arcpath id="" x="472.0" y="383.0" curvePoint="false"/>
            <arcpath id="" x="484.0" y="460.0" curvePoint="false"/>
            <type value="normal"/>
            <inscription>
                <value>Default,1</value>
            </inscription>
        </arc>
        <arc id="T3 TO P6" source="T3" target="P6">
            <arcpath id="" x="573.0" y="555.0" curvePoint="false"/>
            <arcpath id="" x="575.0" y="594.0" curvePoint="false"/>
            <type value="normal"/>
            <inscription>
                <value>Default,1</value>
            </inscription>
        </arc>
        <arc id="T0 TO P3" source="T0" target="P3">
            <arcpath id="" x="571.0" y="168.0" curvePoint="false"/>
            <arcpath id="" x="714.0" y="279.0" curvePoint="false"/>
            <type value="normal"/>
            <inscription>
                <value>Default,1</value>
            </inscription>
        </arc>
        <arc id="T0 TO P2" source="T0" target="P2">
            <arcpath id="" x="556.0" y="173.0" curvePoint="false"/>
            <arcpath id="" x="548.0" y="264.0" curvePoint="false"/>
            <type value="normal"/>
            <inscription>
                <value>Default,1</value>
            </inscription>
        </arc>
        <arc id="T0 TO P1" source="T0" target="P1">
            <arcpath id="" x="541.0" y="168.0" curvePoint="false"/>
            <arcpath id="" x="417.0" y="265.0" curvePoint="false"/>
            <type value="normal"/>
            <inscription>
                <value>Default,1</value>
            </inscription>
        </arc>
        <arc id="P2 TO T1" source="P2" target="T1">
            <arcpath id="" x="538.0" y="291.0" curvePoint="false"/>
            <arcpath id="" x="472.0" y="373.0" curvePoint="false"/>
            <type value="normal"/>
            <inscription>
                <value>Default,1</value>
            </inscription>
        </arc>
        <arc id="P2 TO T2" source="P2" target="T2">
            <arcpath id="" x="558.0" y="290.0" curvePoint="false"/>
            <arcpath id="" x="648.0" y="377.0" curvePoint="false"/>
            <type value="normal"/>
            <inscription>
                <value>Default,1</value>
            </inscription>
        </arc>
        <arc id="P0 TO T0" source="P0" target="T0">
            <arcpath id="" x="550.0" y="104.0" curvePoint="false"/>
            <arcpath id="" x="556.0" y="163.0" curvePoint="false"/>
            <type value="normal"/>
            <inscription>
                <value>Default,1</value>
            </inscription>
        </arc>
        <arc id="P4 TO T3" source="P4" target="T3">
            <arcpath id="" x="497.0" y="485.0" curvePoint="false"/>
            <arcpath id="" x="558.0" y="550.0" curvePoint="false"/>
            <type value="normal"/>
            <inscription>
                <value>Default,1</value>
            </inscription>
        </arc>
        <arc id="P1 TO T1" source="P1" target="T1">
            <arcpath id="" x="413.0" y="287.0" curvePoint="false"/>
            <arcpath id="" x="472.0" y="373.0" curvePoint="false"/>
            <type value="normal"/>
            <inscription>
                <value>Default,1</value>
            </inscription>
        </arc>
        <arc id="P3 TO T2" source="P3" target="T2">
            <arcpath id="" x="716.0" y="300.0" curvePoint="false"/>
            <arcpath id="" x="648.0" y="377.0" curvePoint="false"/>
            <type value="normal"/>
            <inscription>
                <value>Default,1</value>
            </inscription>
        </arc>
        <arc id="P5 TO T3" source="P5" target="T3">
            <arcpath id="" x="652.0" y="484.0" curvePoint="false"/>
            <arcpath id="" x="588.0" y="550.0" curvePoint="false"/>
            <type value="normal"/>
            <inscription>
                <value>Default,1</value>
            </inscription>
        </arc>
    </net>
</pnml>
