<?xml version="1.0" encoding="UTF-8" standalone="yes"?>
<pnml>
    <net>
        <token id="Default" red="0" green="0" blue="0"/>
        <place id="P0">
            <graphics>
                <position x="78.0" y="109.0"/>
            </graphics>
            <name>
                <value>P0</value>
                <graphics>
                    <offset x="-5.0" y="35.0"/>
                </graphics>
            </name>
            <capacity>
                <value>0</value>
            </capacity>
            <initialMarking>
                <graphics>
                    <offset x="0.0" y="0.0"/>
                </graphics>
                <value>Default,1</value>
            </initialMarking>
        </place>
        <place id="P1">
            <graphics>
                <position x="288.0" y="115.0"/>
            </graphics>
            <name>
                <value>P1</value>
                <graphics>
                    <offset x="-5.0" y="35.0"/>
                </graphics>
            </name>
            <capacity>
                <value>0</value>
            </capacity>
            <initialMarking>
                <graphics>
                    <offset x="0.0" y="0.0"/>
                </graphics>
                <value></value>
            </initialMarking>
        </place>
        <place id="P2">
            <graphics>
                <position x="95.0" y="272.0"/>
            </graphics>
            <name>
                <value>P2</value>
                <graphics>
                    <offset x="-5.0" y="35.0"/>
                </graphics>
            </name>
            <capacity>
                <value>0</value>
            </capacity>
            <initialMarking>
                <graphics>
                    <offset x="0.0" y="0.0"/>
                </graphics>
                <value>Default,1</value>
            </initialMarking>
        </place>
        <place id="P3">
            <graphics>
                <position x="316.0" y="267.0"/>
            </graphics>
            <name>
                <value>P3</value>
                <graphics>
                    <offset x="-5.0" y="35.0"/>
                </graphics>
            </name>
            <capacity>
                <value>0</value>
            </capacity>
            <initialMarking>
                <graphics>
                    <offset x="0.0" y="0.0"/>
                </graphics>
                <value></value>
            </initialMarking>
        </place>
        <place id="P4">
            <graphics>
                <position x="379.0" y="196.0"/>
            </graphics>
            <name>
                <value>P4</value>
                <graphics>
                    <offset x="-5.0" y="35.0"/>
                </graphics>
            </name>
            <capacity>
                <value>0</value>
            </capacity>
            <initialMarking>
                <graphics>
                    <offset x="0.0" y="0.0"/>
                </graphics>
                <value>Default,2</value>
            </initialMarking>
        </place>
        <transition id="T0">
            <graphics>
                <position x="375.0" y="45.0"/>
            </graphics>
            <name>
                <value>T0</value>
                <graphics>
                    <offset x="-5.0" y="35.0"/>
                </graphics>
            </name>
            <infiniteServer>
                <value>false</value>
            </infiniteServer>
            <timed>
                <value>false</value>
            </timed>
            <priority>
                <value>1</value>
            </priority>
            <orientation>
                <value>0</value>
            </orientation>
            <rate>
                <value>1</value>
            </rate>
        </transition>
        <transition id="T1">
            <graphics>
                <position x="401.0" y="381.0"/>
            </graphics>
            <name>
                <value>T1</value>
                <graphics>
                    <offset x="-5.0" y="35.0"/>
                </graphics>
            </name>
            <infiniteServer>
                <value>false</value>
            </infiniteServer>
            <timed>
                <value>false</value>
            </timed>
            <priority>
                <value>1</value>
            </priority>
            <orientation>
                <value>0</value>
            </orientation>
            <rate>
                <value>1</value>
            </rate>
        </transition>
        <transition id="T2">
            <graphics>
                <position x="190.0" y="125.0"/>
            </graphics>
            <name>
                <value>T2</value>
                <graphics>
                    <offset x="-5.0" y="35.0"/>
                </graphics>
            </name>
            <infiniteServer>
                <value>false</value>
            </infiniteServer>
            <timed>
                <value>false</value>
            </timed>
            <priority>
                <value>90</value>
            </priority>
            <orientation>
                <value>0</value>
            </orientation>
            <rate>
                <value>1</value>
            </rate>
        </transition>
        <transition id="T3">
            <graphics>
                <position x="211.0" y="258.0"/>
            </graphics>
            <name>
                <value>T3</value>
                <graphics>
                    <offset x="-5.0" y="35.0"/>
                </graphics>
            </name>
            <infiniteServer>
                <value>false</value>
            </infiniteServer>
            <timed>
                <value>false</value>
            </timed>
            <priority>
                <value>1</value>
            </priority>
            <orientation>
                <value>0</value>
            </orientation>
            <rate>
                <value>1</value>
            </rate>
        </transition>
        <arc id="T1 TO P4" source="T1" target="P4">
            <arcpath id="" x="406.0" y="381.0" curvePoint="false"/>
            <arcpath id="" x="395.0" y="226.0" curvePoint="false"/>
            <type value="normal"/>
            <inscription>
                <value>Default,2</value>
            </inscription>
        </arc>
        <arc id="T1 TO P2" source="T1" target="P2">
            <arcpath id="" x="401.0" y="396.0" curvePoint="false"/>
            <arcpath id="" x="124.0" y="292.0" curvePoint="false"/>
            <type value="normal"/>
            <inscription>
                <value>Default,1</value>
            </inscription>
        </arc>
        <arc id="T0 TO P4" source="T0" target="P4">
            <arcpath id="" x="380.0" y="75.0" curvePoint="false"/>
            <arcpath id="" x="393.0" y="196.0" curvePoint="false"/>
            <type value="normal"/>
            <inscription>
                <value>Default,2</value>
            </inscription>
        </arc>
        <arc id="T3 TO P3" source="T3" target="P3">
            <arcpath id="" x="221.0" y="273.0" curvePoint="false"/>
            <arcpath id="" x="316.0" y="281.0" curvePoint="false"/>
            <type value="normal"/>
            <inscription>
                <value>Default,1</value>
            </inscription>
        </arc>
        <arc id="T0 TO P0" source="T0" target="P0">
            <arcpath id="" x="375.0" y="60.0" curvePoint="false"/>
            <arcpath id="" x="108.0" y="121.0" curvePoint="false"/>
            <type value="normal"/>
            <inscription>
                <value>Default,1</value>
            </inscription>
        </arc>
        <arc id="T2 TO P1" source="T2" target="P1">
            <arcpath id="" x="200.0" y="140.0" curvePoint="false"/>
            <arcpath id="" x="288.0" y="131.0" curvePoint="false"/>
            <type value="normal"/>
            <inscription>
                <value>Default,1</value>
            </inscription>
        </arc>
        <arc id="P2 TO T3" source="P2" target="T3">
            <arcpath id="" x="125.0" y="285.0" curvePoint="false"/>
            <arcpath id="" x="211.0" y="273.0" curvePoint="false"/>
            <type value="normal"/>
            <inscription>
                <value>Default,1</value>
            </inscription>
        </arc>
        <arc id="P4 TO T2" source="P4" target="T2">
            <arcpath id="" x="380.0" y="206.0" curvePoint="false"/>
            <arcpath id="" x="200.0" y="140.0" curvePoint="false"/>
            <type value="normal"/>
            <inscription>
                <value>Default,2</value>
            </inscription>
        </arc>
        <arc id="P4 TO T3" source="P4" target="T3">
            <arcpath id="" x="380.0" y="216.0" curvePoint="false"/>
            <arcpath id="" x="221.0" y="273.0" curvePoint="false"/>
            <type value="normal"/>
            <inscription>
                <value>Default,2</value>
            </inscription>
        </arc>
        <arc id="P0 TO T2" source="P0" target="T2">
            <arcpath id="" x="108.0" y="126.0" curvePoint="false"/>
            <arcpath id="" x="190.0" y="140.0" curvePoint="false"/>
            <type value="normal"/>
            <inscription>
                <value>Default,1</value>
            </inscription>
        </arc>
        <arc id="P1 TO T0" source="P1" target="T0">
            <arcpath id="" x="314.0" y="120.0" curvePoint="false"/>
            <arcpath id="" x="375.0" y="60.0" curvePoint="false"/>
            <type value="normal"/>
            <inscription>
                <value>Default,1</value>
            </inscription>
        </arc>
        <arc id="P3 TO T1" source="P3" target="T1">
            <arcpath id="" x="339.0" y="295.0" curvePoint="false"/>
            <arcpath id="" x="406.0" y="381.0" curvePoint="false"/>
            <type value="normal"/>
            <inscription>
                <value>Default,1</value>
            </inscription>
        </arc>
    </net>
</pnml>
